ID,Name,Parent Category,Sequence
product_public_category_1,Laptops,,1
product_public_category_2,Computers,,2
product_public_category_3,Computer all-in-one,Computers,3
product_public_category_4,Server,Computers,4
product_public_category_5,Devices,,5
product_public_category_6,External Hard Drive,Devices,6
product_public_category_7,Headset,Devices,7
product_public_category_8,Keyboard / Mouse,Devices,8
product_public_category_9,Pen Drive,Devices,9
product_public_category_10,Printer,Devices,10
product_public_category_11,Screen,Devices,11
product_public_category_12,Software,Devices,12
product_public_category_13,Speakers,Devices,13
product_public_category_14,Network,,14
product_public_category_15,Components,,15
product_public_category_16,Services,,16
