ID,Name,Product Type,Internal Reference,Barcode,Sale Price,Cost,Weight,Website Product Category,Product Attributes / Attribute,Product Attributes / Attribute Values,Sale Description
product_template_1,Apple Wireless Keyboard,Consumable,AK789,,29.99,12,,Keyboard / Mouse,,,
product_template_2,Dell Inspiron Laptop without OS,Consumable,DELL15,,2499,1643,,Laptops,Color,"Red,Green,Black",2 years warranty
,,,,,,,,,Size,"17 inches,19 inches",
,,,,,,,,,Memory,"250 GB,500 GB",
product_template_3,Prepaid Consulting,Service,,,90,40,,Services,,,
