ID,Name,Company Type,Related Company,Customer,Supplier,Address Type,Street,Street2,City,State,ZIP,Country,Website,Phone,Mobile,Fax,Email
res_partner_1,Grocery Outlet,Company,,TRUE,FALSE,,51 Federal Street,#401,San Francisco,California,94107,United States,groceryoutlet.com,123456789,,,
res_partner_2,Bob,Individual,Grocery Outlet,,,Contact,,,,,,,,,4157654321,,
res_partner_3,Bill,Individual,Grocery Outlet,,,Other address,645 21st Street,,San Francisco,California,94110,United States,,,4517864512,,
res_partner_4,Warehouse,Individual,Grocery Outlet,,,Shipping address,645 21st Street,,San Francisco,California,94110,United States,,415659874,,,bill@odoo.com
res_partner_5,Accounting dep.,Individual,Grocery Outlet,,,Invoice address,51 Federal Street,#404,San Francisco,California,94107,United States,,123456780,,,
res_partner_6,Agrolait,Company,,TRUE,FALSE,,3442 2nd Avenue,,New York,New York,11201,United States,agrolait.com,654978123,,,
